{"THREADPOOL_SIZE": 20, "CHECKING_IMAGE_IGNORE": [], "NEW_HOMEPAGE_CONTENT_IGNORE": [], "GET_NEW_CONTENT_IGNORE": [], "GET_OLD_SOUP_IGNORE": [], "GET_OLD_CONTENT_IGNORE": [], "OLD_BLOG_LINK_IGNORE": [], "COMPARE_OLD_LINK_IGNORE": [], "SPECIAL_CHARACTERS": [["\u2013", "-"], ["\u00a0", " "], ["\u2019", "'"], ["\u201c", "\""], ["\u201d", "\""], ["", ""], ["", ""]], "OLD_HOMEPAGE_CONTENT_IGNORE": [], "OLD_FORM_ENTRY_IGNORE": [], "USER_NAME": "", "NEW_BLOG_CONTENT_IGNORE": [], "COMPARE_NEW_LINK_IGNORE": [], "GET_NEW_SOUP_IGNORE": [], "GET_HOMEPAGE_CONTENT_IGNORE": [], "COMPARE_NEW_IMAGE_IGNORE": [], "NEW_FORM_ENTRY_IGNORE": [], "PASSWORD": "", "OLD_BLOG_IMAGE_IGNORE": [["img", "id", "featured_image", "Equals", "No"]], "EXECUTABLE_PATH": "chromedriver\\chromedriver.exe", "NEW_BLOG_LINK_IGNORE": [], "HOMEPAGE_LINK_IGNORE": [], "COMPARE_OLD_IMAGE_IGNORE": [], "NEW_BLOG_IMAGE_IGNORE": [["img", "id", "featured_image", "Equals", "No"]], "HOMEPAGE_IMAGE_IGNORE": [], "GET_BLOG_CONTENT_IGNORE": [], "OLD_BLOG_CONTENT_IGNORE": []}